Timespan, 1950-1956
Scenario, fullstop;2015
Used parameters below
f_MP, 0.14
f_shelf, 0.08
f_ocean, 0.92
f_pelagic, 0.92
M_P_discard, 4214.0
M_MP_discard, 686.0000000000001
M_sMP_discard, 576
M_P_SurfOcean, 0.23
M_MP_SurfOcean, 0.036
M_sMP_SurfOcean, 0.0028
M_MPsMP_DeepOcean, 80
M_sMP_atmo, 0.0036
M_sMP_soil, 29
M_MP_beach, 0.52
M_MP_sed, 0.001
M_Incinerated, 800
M_recycled, 750
F_river_tot, 0.72
F_sMP_oce_to_atm, 8.6
F_sMP_atm_to_oce, 7.6
F_sMP_atm_to_soil, 1.15
F_sMP_DiscInuse_to_atm, 0.183
LB19, 0.03
k_SurfOce_P_to_MP, 0.03
k_SurfOce_MP_to_sMP, 0.03
k_beach_P_to_MP, 0.03
k_beach_MP_to_sMP, 0.03
k_DeepOce_MP_to_sMP, 0.03
CF1, 5
k_Disc_P_to_MP, 0.006
k_Disc_MP_to_sMP, 0.006
k_P_surf_to_deep_oce, 0
k_MP_surf_to_deep_oce, 196
k_sMP_surf_to_deep_oce, 32.5
k_P_Disc_to_river, 8.542952064546749e-05
k_MP_Disc_to_river, 0.0005247813411078716
k_sMP_Disc_to_river, 0.0005247813411078716
k_Disc_sMP_to_atm, 0.0003177083333333333
k_SurfOce_P_beach, 0.154
k_SurfOce_MP_beach, 0.154
k_SurfOce_P_CoastSed, 0
k_SurfOce_MP_CoastSed, 196
k_SurfOce_sMP_CoastSed, 32.5
k_sMP_oce_to_atm, 3071.4285714285716
k_sMP_soil_to_atm, 0.0003177083333333333
k_sMP_atm_to_oce, 2111.111111111111
k_sMP_atm_to_soil, 319.4444444444444
k_sMP_soil_to_oce, 0.0005247813411078716
k_P_beached_to_oce, 0
k_MP_beached_to_oce, 0
###############
Data below
,Year,P_prod_tot,P_waste_tot,P_rec_tot,P_inc_tot,P_disc_tot,MP_disc_tot,P_use,P_disc,MP_disc,sMP_disc,P_SurfOce,MP_SurfOce,sMP_SurfOce,MP_DeepOce,sMP_DeepOce,sMP_atm,sMP_soil,P_beach,MP_beach,sMP_beach,MP_sed,sMP_sed
0,1950.0,0.0,0.0,0.0,0.0,0.0,0.0,0.0,0.0,0.0,0.0,0.0,0.0,0.0,0.0,0.0,0.0,0.0,0.0,0.0,0.0,0.0,0.0
1,1950.1,0.9978927258062393,0.15230412645798733,0.0,0.0,0.13098154875386916,0.021322577704118235,0.8455885993482521,0.13094158557735877,0.02135499606085605,6.421921403704388e-06,5.575875759718229e-07,5.4307777527057944e-08,-6.029368246540313e-07,4.6643141270066366e-07,3.8393155045299506e-09,6.374596183012978e-07,-3.795339250091251e-08,2.868892967967616e-09,4.0050445956097805e-10,3.818376980527652e-13,4.059799948138851e-08,2.9510731906311195e-10
2,1950.2,1.9833683756739113,0.30196197914324874,0.0,0.0,0.259687302063194,0.04227467708005484,1.6814063965306627,0.2595284125635823,0.042403535346536035,2.5563264136283686e-05,2.20335671463801e-06,1.1089587738782157e-07,-2.456128152981167e-06,1.9534972836408634e-06,1.7693513485238212e-08,2.5967471301002672e-06,-1.5393234635434095e-07,2.2725232813999133e-08,1.7025414259607035e-09,3.3048320477291527e-12,1.7020163270932868e-07,1.2062626929409907e-09
3,1950.3,2.9566437652516617,0.4490625157397928,0.0,0.0,0.3861937635362217,0.06286875220357103,2.507581249511871,0.38583839384107016,0.06315687872931727,5.724246467935557e-05,4.897865955869768e-06,1.6685347794754357e-07,-2.1139234550639597e-06,4.449260865084112e-06,2.5371173269418223e-08,2.235113023092528e-06,-1.2886357116886453e-07,7.594583913085997e-08,3.971417528361622e-09,1.1562316715093433e-11,3.8803792276517855e-07,1.0605153525198611e-09
4,1950.4,3.917935710198898,0.5936949571260686,0.0,0.0,0.510577663128419,0.08311729399764972,3.3242407530728295,0.5099496211716725,0.0836263633577442,0.00010128475392869306,8.603053205849803e-06,2.222050640009345e-07,5.8993741090554855e-08,7.939568385776187e-06,3.198886954039549e-08,-6.189938217752993e-08,1.5144706428566735e-08,1.782626274478563e-07,7.318404473217036e-09,2.820990723071735e-11,6.93137388799137e-07,4.1502967522252344e-11
5,1950.5,4.867461026163842,0.7359487874162609,0.0,0.0,0.632915957177984,0.10303283023827658,4.13151223874759,0.6319403651233677,0.10382340271992395,0.0001575222024043041,1.3282212102651105e-05,2.769755320497048e-07,6.890111396897893e-07,1.2410753033801288e-05,5.948152448945976e-08,-7.277018330958604e-07,6.552755950522169e-08,3.447855690928958e-07,1.1901007686457165e-08,5.670688436575496e-11,1.0845692653503468e-06,-2.0104289028129912e-10
6,1950.6,5.8054365288034,0.875913753979897,0.0,0.0,0.7532858284227113,0.1226279255571857,4.929522774823514,0.7518890749783464,0.1237594867037001,0.00022579376549442402,1.8899968812068787e-05,3.3119018689482877e-07,1.9005375662662978e-06,1.784964087983953e-05,9.89338659081352e-08,-2.0082238593112197e-06,1.5769199551015917e-07,5.900252221759022e-07,1.7921004956762995e-08,1.010519348994407e-10,1.5614421452199663e-06,-6.965151549526642e-10
7,1950.7,6.7320790337726555,1.013679867425136,0.0,0.0,0.871764685985617,0.14191518143951898,5.718399166347528,0.8698743786099183,0.143446181651635,0.00030594532872945426,2.5422259245528122e-05,3.848747383036457e-07,-9.32303724439863e-07,2.42435567220179e-05,1.792172909624355e-07,9.870190794563414e-07,-2.112905641169623e-10,9.279148415272629e-07,2.562255776106951e-08,1.6591311770959948e-10,2.122904617061216e-06,8.148623283772235e-10
8,1950.8,7.647605356721801,1.1493374015608342,0.0,0.0,0.9884301653423175,0.16090723621851674,6.498267955160975,0.9859750823412512,0.16289513041291306,0.0003978297530852594,3.28163066923306e-05,4.380552977231256e-07,-1.9694674266515273e-06,3.1580329853720624e-05,2.7051764625680377e-07,2.0839199486266913e-06,-3.762656191184872e-08,1.3718320752820706e-06,3.52903938058433e-08,2.56752271026011e-10,2.768145897784851e-06,1.4930152566625842e-09
9,1950.9,8.552232313308059,1.282976893468188,0.0,0.0,1.103360128382642,0.17961676508554653,7.269255419839877,1.1002701708984015,0.18211805241048495,0.0005013069203177348,4.1050599858841596e-05,4.907583750968753e-07,-2.7506778384538517e-06,3.984829975582064e-05,3.8433796534962994e-07,2.910277435247935e-06,-5.109506405684561e-08,1.934620255672241e-06,4.724805934510295e-08,3.799440723306938e-10,3.4963964598874505e-06,2.093776736046376e-09
10,1951.0,9.44617671918194,1.4146891434389537,0.0,0.0,1.2166326633574984,0.19805648008145338,8.031487575742993,1.2128388072486755,0.20112674368942557,0.0006162437783265003,5.0094871307050305e-05,5.43010875692332e-07,-2.7255012487052336e-07,4.903632171458306e-05,5.066882954166695e-07,2.9090711541403237e-07,1.503770918585666e-07,2.6286092914210923e-06,6.185623986243688e-08,5.428899581054114e-10,4.306928653791406e-06,1.1591731650896852e-09
11,1951.1,10.329655389998647,1.544565215026401,0.0,0.0,1.3283260849227017,0.2162391301036957,8.78509017497225,1.3237603325359915,0.219933076980992,0.0007425143865529983,5.992007628564175e-05,5.948400970372749e-07,6.197118716765728e-07,5.913377236688602e-05,6.675261453315439e-07,-6.518333454773763e-07,2.610150808092337e-07,3.465636169050428e-06,7.951114773127508e-08,7.541271064393207e-10,5.199057325320933e-06,1.0555887849342562e-09
12,1951.2,11.20288514141458,1.6726964350006268,0.0,0.0,1.438518934100536,0.2341775009000871,9.530188706413973,1.4331142659340692,0.23854900175316807,0.0008799999614046765,7.049837194574951e-05,6.462737258720434e-07,5.310376745843432e-07,7.013055517346435e-05,8.662365888858817e-07,-5.574770418825306e-07,3.1998836885537146e-07,4.457065070219945e-06,1.0064297549217297e-07,1.0234326813776486e-09,6.172140428356265e-06,1.493637935059027e-09
13,1951.3,12.066082789079118,1.7991743933850686,0.0,0.0,1.5472899783111553,0.25188441507390885,10.26690839569408,1.5409803045695272,0.2569865442724716,0.001028588921708662,8.180309693466777e-05,6.973398351859496e-07,-2.8424388643440373e-07,8.201710582165337e-05,1.1041392305066055e-06,3.050986469723161e-07,3.442669719475949e-07,5.613807112118883e-06,1.2571441341201387e-07,1.3619235338541564e-09,7.225579632775791e-06,2.3547195859435257e-09
14,1951.4,12.919465148650477,1.9240909434037838,0.0,0.0,1.6547182113272523,0.26937273207652856,10.99537420524673,1.6474383233682723,0.2752578076532014,0.001188176934202328,9.380875136123744e-05,7.480668812925351e-07,-1.2334882216365851e-06,9.478439755951061e-05,1.3806293965032147e-06,1.309348344056251e-06,3.722254266957881e-07,6.946339717831376e-06,1.5521923001562339e-07,1.7821515500910928e-09,8.35882092783205e-06,3.3553292126277223e-09
15,1951.5,13.763249035778104,2.0475382015775225,0.0,0.0,1.7608828533566676,0.28665534822085165,11.715710834200612,1.7525683750299612,0.2933749719273625,0.0013586669590441808,0.000106490977124791,7.984837009943908e-07,-9.704035002471327e-07,0.00010842394646115809,1.6908524194513335e-06,1.0319694864366413e-06,4.899308244254051e-07,8.46472562337391e-06,1.8968091430173738e-07,2.2981948344281676e-09,9.571355220928654e-06,3.8446817330378395e-09
16,1951.6,14.59765126611837,2.1696085476144757,0.0,0.0,1.8658633509484501,0.3037451966660255,12.428042718503931,1.856450689825894,0.3113502940858043,0.0015399692953660933,0.00011982653860273663,8.486195087508978e-07,-4.135591651556306e-07,0.00012292781662631076,2.0426200081617404e-06,4.440749531730681e-07,6.400937354233127e-07,1.0178631528126577e-05,2.2965137838367905e-07,2.9257449097617265e-09,1.0862718932039987e-05,4.2755579141505814e-09
17,1951.7,15.422888655326453,2.2903946244627984,0.0,0.0,1.9697393770380074,0.3206552474247907,13.132494030863674,1.9591656755361637,0.3291961081418408,0.0017320016268435388,0.00013379330368833178,8.985038939304539e-07,5.7806496281724e-07,0.00013828862531321744,2.437782849533913e-06,-6.034223973545856e-07,8.324823645486395e-07,1.2097346395104842e-05,2.757097193134717e-07,3.6821901149794717e-09,1.2232494583687897e-05,4.584386986131105e-09
18,1951.8,16.23917801905147,2.4099893383251696,0.0,0.0,2.0725908309596455,0.3373985073655228,13.82918868072633,2.0607939173541863,0.34692482518949674,0.0019346890673029777,0.00014837022517389642,9.481668181269044e-07,-4.772803330370041e-08,0.00015449954800772633,2.890459937145316e-06,5.9063382381695e-08,9.380441092685594e-07,1.4229799407490327e-05,3.284610388751944e-07,4.586695375118551e-09,1.3680311386694564e-05,5.77626068556358e-09
19,1951.9,17.046736172952514,2.5284858586434136,0.0,0.0,2.1744978384333313,0.35398802021007664,14.51825031430914,2.161416177765526,0.36454893345746475,0.0021479642063610975,0.0001635373224726332,9.976386125069764e-07,-1.1027490898842498e-06,0.00017155432342921356,3.396592233676068e-06,1.175376389270678e-06,1.0328137253847624e-06,1.658457758776265e-05,3.885353201552272e-07,5.660278516383188e-09,1.5205845821760094e-05,7.277279360740493e-09
20,1952.0,17.84577993267901,2.6459776180857775,0.0,0.0,2.275540751553766,0.3704368665320076,15.199802314593288,2.2611133964291303,0.3820809983633023,0.002371767155086494,0.00017927566367224512,1.0469499752024665e-06,-3.1082456489442708e-06,0.00018944725847371916,3.961681528325243e-06,3.2965800998523547e-06,1.0846261285848215e-06,1.9169943085481147e-05,4.5658635971578754e-07,6.925883294538718e-09,1.6808822216876214e-05,9.346478953710776e-09
21,1952.1,18.636526113886944,2.7625583125302686,0.0,0.0,2.3758001487760283,0.3867581637542365,15.87396780135673,2.359966690055199,0.3995336625670004,0.002606045591697052,0.00019556734791524374,1.0961319687602888e-06,3.1347781785316244e-08,0.0002081732330964367,4.554134724540987e-06,-2.156850433234145e-08,1.4801080573110863e-06,2.1993850139916646e-05,5.332907542262967e-07,8.408449301830403e-09,1.848901332074961e-05,9.018663683207173e-09
22,1952.2,19.419191532231626,2.87832190112134,0.0,0.0,2.4753568349643484,0.40296506615698674,16.540869631110347,2.458057352346205,0.4169196460347047,0.0028507548072834185,0.00021239548809934893,1.1452160176638176e-06,3.4134122758791007e-07,0.00022772770513384703,5.221188892592534e-06,-3.482130364335832e-07,1.715337598887085e-06,2.506396172335279e-05,6.193469404219415e-07,1.0134978914044115e-08,2.0246240872241405e-05,1.018469527504226e-08
23,1952.3,20.193993003363495,2.993362606243197,0.0,0.0,2.5742918413691416,0.41907076487404604,17.20063039712034,2.5554668538662892,0.4342517460906679,0.0031058577515630094,0.000229744193892472,1.1942339058727603e-06,8.410346368355962e-07,0.0002481067150669531,5.948461559080934e-06,-8.753629849982627e-07,1.9822293454969783e-06,2.8387665870938277e-05,7.154742872837457e-07,1.2134601436041897e-08,2.2080376165935385e-05,1.1378323284903715e-08
24,1952.4,20.961147342939345,3.107774913505153,0.0,0.0,2.6726864256144207,0.43508848789071963,17.853372429434263,2.6522768419210587,0.4515428374708106,0.0033713250786680696,0.0002475985550567392,1.2432177744129456e-06,-5.94849691894597e-08,0.00026930689072690567,6.747387537841035e-06,7.784038715872083e-08,2.180965665513194e-06,3.197209170290218e-05,8.224122393564122e-07,1.443863460085512e-08,2.3991340613933056e-05,1.337923517530374e-08
25,1952.5,21.72087136661019,3.221653571774539,0.0,0.0,2.770622071726093,0.4510315000484336,18.49921779483572,2.748569140478374,0.4688058723827973,0.003647135192955287,0.0002659446250751162,1.292200119034595e-06,-1.193595140432509e-06,0.0002913254519430188,7.613945596722543e-06,1.278041640954412e-06,2.3861956432825106e-06,3.582412514457325e-05,9.409195101329992e-07,1.7080643574030047e-08,2.5979106303856864e-05,1.5623916990149e-08
26,1952.6,22.473381890031323,3.335093593112286,0.0,0.0,2.868180490076557,0.46691310303571887,19.138288296919114,2.844425750005484,0.4860538805524219,0.0039332742948512325,0.00028476940507601964,1.3412137878699487e-06,-1.9057288052501797e-06,0.00031416021513537383,8.546970749025358e-06,2.032174036291913e-06,2.6402209403426073e-06,3.995042434995459e-05,1.0717733244669892e-06,2.0096497611999578e-08,2.8043696553242873e-05,1.779787148742362e-08
27,1952.7,23.218895728858005,3.448190252838682,0.0,0.0,2.9654436174412564,0.4827466353974142,19.770705476019426,2.93992884741816,0.5032999692880904,0.004229736426723473,0.00030406082804990397,1.3902919791956719e-06,-2.3555090311638754e-06,0.0003378095978520881,9.549860360658266e-06,2.50899134803314e-06,2.9337468885057606e-06,4.435743483407994e-05,1.2157687089799666e-06,2.3524424519890038e-08,3.0185186460310706e-05,1.9983819058481753e-08
28,1952.8,23.957629698740906,3.56103908953874,0.0,0.0,3.062493617003307,0.49854547253542264,20.39659060920227,3.035160785978022,0.5205573235367613,0.004536523518780691,0.0003238077433526857,1.4394682392053242e-06,1.0614922909663533e-07,0.00036227262325256194,1.0610268912117417e-05,-9.21238820593452e-08,3.4352495260237754e-06,4.905140431954474e-05,1.3737178294593733e-06,2.7405063051273187e-08,3.240370345121247e-05,2.0895867455281362e-08
29,1952.9,24.689800615337255,3.67373590497728,0.0,0.0,3.1594128782804494,0.5143230266968173,21.016064710360084,3.1302040951121968,0.5378392059271622,0.004853645435008045,0.00034399990149116004,1.4887764598018269e-06,5.323103523680447e-07,0.00038754892453813776,1.1758414421309266e-05,-5.412623702392232e-07,3.8324325107819405e-06,5.403839730255498e-05,1.5464493742618557e-06,3.178151338944683e-08,3.469942782387332e-05,2.294947694811727e-08
30,1953.0,25.415625294297257,3.786376764196231,0.0,0.0,3.2562840172087455,0.5300927469874702,21.6292485301011,3.22514148038985,0.555158956838368,0.00518112001912007,0.0003646279391841261,1.5382508764868231e-06,1.5419075194386592e-07,0.00041363874932960994,1.2989894552179699e-05,-1.400682362183792e-07,4.2040327607218035e-06,5.932430934335899e-05,1.7348079827434294e-06,3.669938584657873e-08,3.707259328835663e-05,2.55496578859128e-08
31,1953.1,26.13532055127652,3.8990579954470577,0.0,0.0,3.3531898760844547,0.5458681193625863,22.23626255582957,3.3200558233568778,0.5725299944452567,0.0055189731405566565,0.00038568336469593334,1.587926066249356e-06,-1.1435628593798562e-06,0.00044054296399463654,1.430785448586959e-05,1.2334103434953591e-06,4.5435608874584965e-06,6.491488108642438e-05,1.9396537177758656e-06,4.220684791464391e-08,3.952348750401072e-05,2.8757581250639005e-08
32,1953.2,26.849103201930227,4.011876190248562,0.0,0.0,3.4502135236137463,0.5616626666347961,22.83722701168178,3.415030181478579,0.5899658147813789,0.005867238740497967,0.00040715854343580706,1.6378369455157409e-06,-9.010951632858646e-07,0.0004682630579239474,1.570101251791783e-05,9.786100610421255e-07,5.007521888995907e-06,7.081571201503297e-05,2.1618615814055376e-06,4.8354669798763275e-08,4.205245261328371e-05,3.1379599052335415e-08
33,1953.3,27.557190061909512,4.124928203330607,0.0,0.0,3.5474382548643044,0.5774899484662824,23.432261858579036,3.510147787984266,0.6074799917857602,0.006225958877909912,0.000429046683818971,1.6880187681209295e-06,-5.091887925168001e-07,0.0004968011477582045,1.7179670233371457e-05,5.658690078863756e-07,5.508706402425566e-06,7.703227394524593e-05,2.402321072741576e-06,5.519626856106978e-08,4.4659885772355814e-05,3.409840082459897e-08
34,1953.4,28.259797946870574,4.238311152676832,0.0,0.0,3.6449475913020555,0.5933635613747541,24.021486794193887,3.605492051797008,0.625086177363483,0.006595183775624864,0.00045134182338498494,1.7385071233410846e-06,1.0597024570774164e-07,0.0005261599815667039,1.87459296756213e-05,-8.284887380262049e-08,6.052607057635913e-06,8.356992426415684e-05,2.6619357871795957e-06,6.27877510006112e-08,4.734623967868328e-05,3.688303804056743e-08
35,1953.5,28.95714367246511,4.352122419487506,0.0,0.0,3.742825280759235,0.6092971387282482,24.60502125297773,3.7011465573948734,0.642798101434955,0.006974971866439769,0.00047403881516758597,1.7893379339410424e-06,5.287431597235166e-07,0.0005563429429773951,2.0404645119148246e-05,-5.281292422041028e-07,6.613741993979681e-06,9.043391891676474e-05,2.941623056065333e-06,7.118795539157774e-08,5.011202309538823e-05,3.994108691985089e-08
36,1953.6,29.64944405434725,4.4664596482222905,0.0,0.0,3.8411552974711505,0.6253043507511178,25.182984406125083,3.797195064740841,0.6606295719963067,0.007365389839256801,0.0004971333143129939,1.840547454287291e-06,-3.97188615452736e-07,0.0005873540552609987,2.2164832818102312e-05,4.5249026859341473e-07,7.11975466309942e-06,9.76294251464875e-05,3.2423136259484986e-06,8.045849220036209e-08,5.295780137273311e-05,4.384106892777921e-08
37,1953.7,30.336915908173204,4.581420746545072,0.0,0.0,3.9400218420287403,0.6413989045163072,25.755495161628257,3.8937215091286306,0.678594475165942,0.007766512685241499,0.0005206217649405283,1.8921722684606676e-06,-1.5341890412120011e-06,0.0006191979853680991,2.4022667919492146e-05,1.6562991305847957e-06,7.643484776998598e-06,0.00010516153399346727,3.5649513765628424e-06,9.066378389851744e-08,5.5884196966562474e-05,4.8033754097476584e-08
38,1953.8,31.019776049593453,4.69710388540215,0.0,0.0,4.039509341445824,0.6575945439562986,26.322672164191435,3.9908100011432914,0.6967067752496665,0.008178423744011785,0.0005445013872420914,1.944249288456954e-06,-3.449073682545217e-06,0.0006518800479210167,2.5983892152358837e-05,3.6825361516783305e-06,8.14989890936578e-06,0.00011303527255522431,3.91049307670353e-06,1.0187110398667861e-07,5.8891889953859246e-05,5.280048730362623e-08
39,1953.9,31.698241294265113,4.81360749893279,0.0,0.0,4.139702449082175,0.6739050498505889,26.884633795332466,4.088544826477609,0.7149805147822819,0.008601214749864129,0.0005687701648164194,1.9968157523587223e-06,4.339699401908086e-07,0.0006854062091618393,2.8014239802131457e-05,-4.2075903138124847e-07,9.056046989641913e-06,0.00012125561601420166,4.279908177191956e-06,1.1415061534219212e-07,6.198161854552795e-05,5.494223394749454e-08
40,1954.0,32.372528457838946,4.931030284524594,0.0,0.0,4.2406860446911265,0.6903442398334407,27.44149817331452,4.187010445873211,0.7334298145892937,0.00903498587801353,0.0005934268322324814,2.0499092225978056e-06,5.305727544999435e-07,0.0007197830908554163,3.017002072469302e-05,-5.209737588658189e-07,9.75616448821829e-06,0.0001298274994360233,4.674178640105722e-06,1.2757540799986477e-07,6.51541795962805e-05,5.913445416355926e-08
41,1954.1,33.042854355969716,5.0494712028163615,0.0,0.0,4.3425452344220545,0.7069259683942886,27.993383153153506,4.286291495016542,0.7520688738412342,0.009479845790876608,0.0006184708628195588,2.1035675842295673e-06,8.360888415861722e-07,0.0007550179741504876,3.243147007001496e-05,-8.420030621777783e-07,1.0503992887440745e-05,0.00013875582934319574,5.094298803509695e-06,1.4222153647424504e-07,6.841042911189946e-05,6.343560292665305e-08
42,1954.2,33.70943580431299,5.169029477667012,0.0,0.0,4.445365350793609,0.7236641268733792,28.54040632664613,4.386472784405673,0.7709119701030896,0.009935911684373905,0.0006439024566785358,2.1578290432349508e-06,-4.329352418866952e-07,0.0007911188033977732,3.4811228924450145e-05,5.016237675400567e-07,1.1187526061173482e-05,0.00014804549506791456,5.541275280894921e-06,1.5816805672808407e-07,7.175128275375705e-05,6.872005687082614e-08
43,1954.3,34.37248961851972,5.289804596174899,0.0,0.0,4.549231952710395,0.7405726434644846,29.082685022345014,4.487639299260643,0.7899734593906916,0.010403309334260636,0.0006697225289108767,2.212732124863259e-06,-1.3244323116596822e-06,0.0008280941899264779,3.7301031299080035e-05,1.4461783545836009e-06,1.1931198763804469e-05,0.0001577013798881792,6.016126894573885e-06,1.7549706289019472e-07,7.517771634070832e-05,7.404202673130089e-08
44,1954.4,35.0322326142468,5.411896308685033,0.0,0.0,4.65423082546911,0.7576654832159027,29.62033630556199,4.589876199423261,0.8092677762253407,0.010882173142494076,0.0006959326980617072,2.268315672014457e-06,-1.554937525308477e-06,0.0008659534157805757,3.9901989047885525e-05,1.6919817564182936e-06,1.275384559946656e-05,0.00016772837195141654,6.519884642299217e-06,1.942937238238925e-07,7.869076634847072e-05,7.926885400390243e-08
45,1954.5,35.688881607145134,5.535404628760897,0.0,0.0,4.760447980734355,0.774956648026524,30.15347697838438,4.6932688192267555,0.8288094336833368,0.011372646183616093,0.0007225352747720644,2.324618843631314e-06,-1.6738090066080992e-06,0.0009047064374139092,4.2619910510066824e-05,1.8198170055987245e-06,1.3621600459479856e-05,0.00017813137498896245,7.053591696349359e-06,2.1464631964359829e-07,8.229153040638589e-05,8.467376091612027e-08
46,1954.6,36.34265341286947,5.660429833236879,0.0,0.0,4.867969656583701,0.7924601766531617,30.68222357963274,4.797902667434602,0.8486130234567435,0.011874880251179274,0.0007495332506379641,2.381681113160258e-06,1.1124008222458258e-06,0.0009443638893469962,4.544190378599325e-05,-1.1235530235491726e-06,1.4712184148435986e-05,0.0001889153188258802,7.618303434396802e-06,2.3664627827715748e-07,8.598116779181641e-05,8.89011762693241e-08
47,1954.7,36.99376484707453,5.787072462138455,0.0,0.0,4.976882317439052,0.8101901446993816,31.20669238493623,4.903863427065841,0.868693215895496,0.012389035904188151,0.0007769302872709055,2.439542266987644e-06,3.582853613670187e-07,0.0009849370877840476,4.840688216105473e-05,-3.2403217405088404e-07,1.561857744675328e-05,0.00020008516968931888,8.215087501428243e-06,2.6038821216710704e-07,8.976089992202784e-05,9.509746450244689e-08
48,1954.8,37.64243272541281,5.915433318744819,0.0,0.0,5.0872726541205235,0.8281606646242724,31.726999406668153,5.011236955342941,0.8890647600693513,0.012915282513568846,0.0008047307055569792,2.4982424029582136e-06,-3.083212405622461e-07,0.0010264380341918245,5.1497347802966323e-05,3.8302752320569515e-07,1.6571337040973724e-05,0.00021164594031929302,8.845023902036684e-06,2.8596995520337394e-07,9.363201084368978e-05,1.0150063411777781e-07
49,1954.9,38.28887386353991,6.045613469590722,0.0,0.0,5.199227583847999,0.8463858857426988,32.243260393949306,5.120109283587316,0.9097424838212957,0.013453798308682235,0.0008329394751118472,2.5578219289117935e-06,-1.4737282407847569e-06,0.0010688794188422487,5.471945550547454e-05,1.6174740602582333e-06,1.753430864478306e-05,0.00022360269988578417,9.50920512242408e-06,3.134925999781458e-07,9.759584772015989e-05,1.0840222311999318e-07
50,1955.0,38.93330507710727,6.177714244417931,0.0,0.0,5.312834250199396,0.8648799942185089,32.75559083268949,5.230566617071748,0.9307412938137054,0.014004770423842803,0.0008615622039257653,2.6183215612142428e-06,-5.036632648402428e-07,0.0011122746243164355,5.806135314232768e-05,5.943507781219874e-07,1.8675191751529863e-05,0.000235960583715063,1.0208736281414795e-05,3.430605354495737e-07,0.00010165382131632417,1.1452454965478797e-07
51,1955.1,39.57594318176985,6.311837236229883,0.0,0.0,5.428180023157678,0.8836572130721823,33.26410594554009,5.342695334961526,0.9520761755889373,0.014568394944884162,0.0008906051281974973,2.6797823233675912e-06,-1.0198832779470277e-07,0.0011566377289739332,6.154114392773533e-05,1.721863294583508e-07,1.9823835817367635e-05,0.0002487248028295038,1.0944735309871414e-05,3.747814851021795e-07,0.00010580740648132966,1.2119116229322528e-07
52,1955.2,40.217004993182826,6.448084301236898,0.0,0.0,5.54535249906371,0.9027318021731647,33.7689206919461,5.456581990161532,0.9737621936144571,0.015144876955742093,0.0009200751023522195,2.7422455446024583e-06,3.392525257357052e-07,0.0012019835103856018,6.515841717174733e-05,-2.9175050500502823e-07,2.1019720077860447e-05,0.0002619006533036521,1.1718333157837466e-05,4.0876654568665386e-07,0.00011005814262904976,1.2811194115396274e-07
53,1955.3,40.85670732699782,6.586557558901895,0.0,0.0,5.664439500655609,0.9221180582462656,34.27014976809615,5.572313309249945,0.9958144913419269,0.01573443058506244,0.0009499795892402874,2.8057528585336708e-06,3.7340439778237666e-07,0.0012483274487312174,6.891871841236666e-05,-3.252544148189467e-07,2.223559104695144e-05,0.00027549352544015425,1.2530674028792451e-05,4.4513022662183515e-07,0.00011440763421637315,1.3551075263363944e-07
54,1955.4,41.49526699887116,6.7273593919203485,0.0,0.0,5.7855290770514785,0.9418303148688496,34.76790760695106,5.689976192355179,1.0182482912570532,0.01633727905285244,0.000980326650514687,2.8703462018233406e-06,-7.297748082065527e-07,0.0012956857301639434,7.282923102448896e-05,8.436888466107017e-07,2.3426263420672373e-05,0.00028950891276917037,1.3382915640423947e-05,4.839904901401781e-07,0.00011885755121949974,1.4374975340690015e-07
55,1955.5,42.13290082445295,6.870592446254634,0.0,0.0,5.908709503778958,0.961882942475649,35.262308378198554,5.80965771308002,1.0410788949368703,0.016953654717139048,0.0010111249371819772,2.9360678128877035e-06,-1.85675976112391e-06,0.0013440752501393358,7.688685742227354e-05,2.0378593273168843e-06,2.466326687666052e-05,0.00030395242087374224,1.4276229511266993e-05,5.25468792253276e-07,0.00012340962960801603,1.522927886451548e-07
56,1955.6,42.76982561939883,7.016359631055695,0.0,0.0,6.034069282707869,0.9822903483477968,35.75346598834342,5.931445118328619,1.0643216830912332,0.017583799120674908,0.0010423836803255867,3.002960230587289e-06,-3.351688279334085e-06,0.0013935136167127138,8.109672133485351e-05,3.6210812176459853e-06,2.592589023231734e-05,0.0003188297760452291,1.5211801272674295e-05,5.696901246167126e-07,0.00012806567181709405,1.6131410008516387e-07
57,1955.7,43.40625819936442,7.164764118757072,0.0,0.0,6.161697142131056,1.0030669766259894,36.24149408060761,6.055425828281944,1.0879921156282766,0.01822796303765679,0.001074112681996583,3.071066293006555e-06,7.623963011370158e-07,0.0014440191538026077,8.542858049170911e-05,-7.254937006778725e-07,2.7593520985492874e-05,0.00033414683377114523,1.619083100548881e-05,6.167830573671708e-07,0.00013282754721758978,1.6790793843736566e-07
58,1955.8,44.0424153800008,7.315909344972758,0.0,0.0,6.291682036676546,1.0242273082961861,36.72650603502826,6.181687436204568,1.1121057316923224,0.01888640652047232,0.001106322306269687,3.1404291361895417e-06,6.224005020659045e-07,0.0014956109044222167,8.994101233150992e-05,-5.745841212668407e-07,2.904300665977677e-05,0.00034990958705875987,1.7214533600865867e-05,6.668797830058257e-07,0.0001376971925842049,1.768871335100162e-07
59,1955.9,44.67851397696447,7.4698990085983805,0.0,0.0,6.424113147394578,1.0457858612037738,37.2086149683663,6.310317708426307,1.1366781497302063,0.01955939894648811,0.0011390234704621324,3.211092192970477e-06,6.874164437683843e-07,0.001548308633880279,9.46123973209143e-05,-6.403490564390889e-07,3.0557705825786875e-05,0.00036612417459784454,1.828413914471007e-05,7.201161614008768e-07,0.00014267661256183876,1.8608580348200782e-07
60,1956.0,45.31477080590533,7.626837071752988,0.0,0.0,6.559079881707542,1.0677571900454186,37.68793373415259,6.441404584186966,1.161725067535117,0.020247219064845345,0.0011722276365108701,3.283099191774019e-06,-4.557486994997667e-07,0.0016021328329494323,9.945408411146982e-05,5.712427235413301e-07,3.204932562853048e-05,0.000382796888764628,1.940089332512091e-05,7.766317659763533e-07,0.00014776788012992853,1.9619961449715723e-07
